x,y,z,type,id_n
-6.119647925400281,6.776878821872426,8.275124195168985,neuron,0
52.754158920873145,28.117096260093383,5.790797513000927,neuron,1
121.88158690771206,-3.534752490247879,7.938507973540947,neuron,2
